465290,images/caucasian_female/CF620.jpg,33
465290,images/caucasian_female/CF682.jpg,28
465290,images/caucasian_female/CF738.jpg,28
465290,images/caucasian_female/CF258.jpg,26
465290,images/caucasian_female/CF561.jpg,25
465290,images/caucasian_female/CF281.jpg,24
465290,images/caucasian_female/CF480.jpg,23
465290,images/caucasian_female/CF392.jpg,22
465290,images/caucasian_female/CF602.jpg,22
465290,images/caucasian_female/CF355.jpg,21
465290,images/caucasian_female/CF625.jpg,21
465290,images/caucasian_female/CF412.jpg,20
465290,images/caucasian_female/CF477.jpg,20
465290,images/caucasian_female/CF484.jpg,20
465290,images/caucasian_female/CF543.jpg,20
465290,images/caucasian_female/CF487.jpg,20
465290,images/caucasian_female/CF545.jpg,20
465290,images/caucasian_female/CF562.jpg,20
465290,images/caucasian_female/CF424.jpg,20
465290,images/caucasian_female/CF255.jpg,20
465290,images/caucasian_female/CF248.jpg,20
465290,images/caucasian_female/CF502.jpg,20
465290,images/caucasian_female/CF537.jpg,20
465290,images/caucasian_female/CF369.jpg,20
465290,images/caucasian_female/CF578.jpg,19
465290,images/caucasian_female/CF406.jpg,19
465290,images/caucasian_female/CF446.jpg,19
465290,images/caucasian_female/CF364.jpg,19
465290,images/caucasian_female/CF311.jpg,19
465290,images/caucasian_female/CF429.jpg,19
465290,images/caucasian_female/CF532.jpg,19
465290,images/caucasian_female/CF468.jpg,19
465290,images/caucasian_female/CF616.jpg,19
465290,images/caucasian_female/CF627.jpg,19
465290,images/caucasian_female/CF540.jpg,19
465290,images/caucasian_female/CF352.jpg,19
465290,images/caucasian_female/CF640.jpg,19
465290,images/caucasian_female/CF289.jpg,19
465290,images/caucasian_female/CF497.jpg,19
465290,images/caucasian_female/CF671.jpg,19
465290,images/caucasian_female/CF688.jpg,19
465290,images/caucasian_female/CF403.jpg,19
465290,images/caucasian_female/CF641.jpg,19
465290,images/caucasian_female/CF677.jpg,18
465290,images/caucasian_female/CF419.jpg,18
465290,images/caucasian_female/CF459.jpg,18
465290,images/caucasian_female/CF722.jpg,18
465290,images/caucasian_female/CF237.jpg,18
465290,images/caucasian_female/CF664.jpg,18
465290,images/caucasian_female/CF385.jpg,18
465290,images/caucasian_female/CF332.jpg,18
465290,images/caucasian_female/CF634.jpg,18
465290,images/caucasian_female/CF482.jpg,18
465290,images/caucasian_female/CF298.jpg,18
465290,images/caucasian_female/CF570.jpg,18
465290,images/caucasian_female/CF383.jpg,18
465290,images/caucasian_female/CF659.jpg,18
465290,images/caucasian_female/CF399.jpg,18
465290,images/caucasian_female/CF474.jpg,18
465290,images/caucasian_female/CF596.jpg,18
465290,images/caucasian_female/CF601.jpg,18
465290,images/caucasian_female/CF665.jpg,18
465290,images/caucasian_female/CF618.jpg,18
465290,images/caucasian_female/CF646.jpg,18
465290,images/caucasian_female/CF360.jpg,18
465290,images/caucasian_female/CF556.jpg,18
465290,images/caucasian_female/CF452.jpg,18
465290,images/caucasian_female/CF312.jpg,18
465290,images/caucasian_female/CF513.jpg,18
465290,images/caucasian_female/CF704.jpg,18
465290,images/caucasian_female/CF440.jpg,18
465290,images/caucasian_female/CF453.jpg,18
465290,images/caucasian_female/CF586.jpg,17
465290,images/caucasian_female/CF365.jpg,17
465290,images/caucasian_female/CF342.jpg,17
465290,images/caucasian_female/CF366.jpg,17
465290,images/caucasian_female/CF343.jpg,17
465290,images/caucasian_female/CF657.jpg,17
465290,images/caucasian_female/CF642.jpg,17
465290,images/caucasian_female/CF316.jpg,17
465290,images/caucasian_female/CF507.jpg,17
465290,images/caucasian_female/CF457.jpg,17
465290,images/caucasian_female/CF254.jpg,17
465290,images/caucasian_female/CF539.jpg,17
465290,images/caucasian_female/CF240.jpg,17
465290,images/caucasian_female/CF372.jpg,17
465290,images/caucasian_female/CF635.jpg,17
465290,images/caucasian_female/CF307.jpg,17
465290,images/caucasian_female/CF565.jpg,17
465290,images/caucasian_female/CF430.jpg,17
465290,images/caucasian_female/CF588.jpg,17
465290,images/caucasian_female/CF606.jpg,17
465290,images/caucasian_female/CF273.jpg,17
465290,images/caucasian_female/CF402.jpg,17
465290,images/caucasian_female/CF731.jpg,17
465290,images/caucasian_female/CF447.jpg,17
465290,images/caucasian_female/CF286.jpg,17
465290,images/caucasian_female/CF687.jpg,17
465290,images/caucasian_female/CF318.jpg,17
465290,images/caucasian_female/CF650.jpg,17
465290,images/caucasian_female/CF354.jpg,17
465290,images/caucasian_female/CF637.jpg,17
465290,images/caucasian_female/CF443.jpg,17
465290,images/caucasian_female/CF558.jpg,17
465290,images/caucasian_female/CF367.jpg,17
465290,images/caucasian_female/CF467.jpg,17
465290,images/caucasian_female/CF344.jpg,16
465290,images/caucasian_female/CF590.jpg,16
465290,images/caucasian_female/CF244.jpg,16
465290,images/caucasian_female/CF466.jpg,16
465290,images/caucasian_female/CF706.jpg,16
465290,images/caucasian_female/CF516.jpg,16
465290,images/caucasian_female/CF524.jpg,16
465290,images/caucasian_female/CF455.jpg,16
465290,images/caucasian_female/CF454.jpg,16
465290,images/caucasian_female/CF522.jpg,16
465290,images/caucasian_female/CF267.jpg,16
465290,images/caucasian_female/CF389.jpg,16
465290,images/caucasian_female/CF623.jpg,16
465290,images/caucasian_female/CF534.jpg,16
465290,images/caucasian_female/CF699.jpg,16
465290,images/caucasian_female/CF384.jpg,16
465290,images/caucasian_female/CF490.jpg,16
465290,images/caucasian_female/CF609.jpg,16
465290,images/caucasian_female/CF448.jpg,16
465290,images/caucasian_female/CF257.jpg,16
465290,images/caucasian_female/CF275.jpg,16
465290,images/caucasian_female/CF628.jpg,16
465290,images/caucasian_female/CF377.jpg,16
465290,images/caucasian_female/CF624.jpg,16
465290,images/caucasian_female/CF347.jpg,16
465290,images/caucasian_female/CF348.jpg,16
465290,images/caucasian_female/CF667.jpg,16
465290,images/caucasian_female/CF742.jpg,16
465290,images/caucasian_female/CF483.jpg,16
465290,images/caucasian_female/CF395.jpg,16
465290,images/caucasian_female/CF503.jpg,16
465290,images/caucasian_female/CF727.jpg,16
465290,images/caucasian_female/CF451.jpg,16
465290,images/caucasian_female/CF508.jpg,16
465290,images/caucasian_female/CF639.jpg,16
465290,images/caucasian_female/CF652.jpg,16
465290,images/caucasian_female/CF549.jpg,16
465290,images/caucasian_female/CF349.jpg,16
465290,images/caucasian_female/CF340.jpg,15
465290,images/caucasian_female/CF431.jpg,15
465290,images/caucasian_female/CF280.jpg,15
465290,images/caucasian_female/CF278.jpg,15
465290,images/caucasian_female/CF423.jpg,15
465290,images/caucasian_female/CF622.jpg,15
465290,images/caucasian_female/CF370.jpg,15
465290,images/caucasian_female/CF593.jpg,15
465290,images/caucasian_female/CF362.jpg,15
465290,images/caucasian_female/CF268.jpg,15
465290,images/caucasian_female/CF518.jpg,15
465290,images/caucasian_female/CF242.jpg,15
465290,images/caucasian_female/CF615.jpg,15
465290,images/caucasian_female/CF571.jpg,15
465290,images/caucasian_female/CF526.jpg,15
465290,images/caucasian_female/CF314.jpg,15
465290,images/caucasian_female/CF648.jpg,15
465290,images/caucasian_female/CF335.jpg,15
465290,images/caucasian_female/CF714.jpg,15
465290,images/caucasian_female/CF329.jpg,15
465290,images/caucasian_female/CF400.jpg,15
465290,images/caucasian_female/CF426.jpg,15
465290,images/caucasian_female/CF458.jpg,15
465290,images/caucasian_female/CF496.jpg,15
465290,images/caucasian_female/CF619.jpg,15
465290,images/caucasian_female/CF592.jpg,15
465290,images/caucasian_female/CF398.jpg,15
465290,images/caucasian_female/CF743.jpg,15
465290,images/caucasian_female/CF617.jpg,15
465290,images/caucasian_female/CF735.jpg,15
465290,images/caucasian_female/CF338.jpg,15
465290,images/caucasian_female/CF500.jpg,15
465290,images/caucasian_female/CF489.jpg,15
465290,images/caucasian_female/CF479.jpg,15
465290,images/caucasian_female/CF730.jpg,15
465290,images/caucasian_female/CF350.jpg,15
465290,images/caucasian_female/CF334.jpg,15
465290,images/caucasian_female/CF265.jpg,15
465290,images/caucasian_female/CF517.jpg,15
465290,images/caucasian_female/CF295.jpg,15
465290,images/caucasian_female/CF297.jpg,15
465290,images/caucasian_female/CF557.jpg,15
465290,images/caucasian_female/CF414.jpg,15
465290,images/caucasian_female/CF438.jpg,15
465290,images/caucasian_female/CF693.jpg,15
465290,images/caucasian_female/CF552.jpg,15
465290,images/caucasian_female/CF651.jpg,15
465290,images/caucasian_female/CF533.jpg,15
465290,images/caucasian_female/CF661.jpg,15
465290,images/caucasian_female/CF740.jpg,15
465290,images/caucasian_female/CF707.jpg,14
465290,images/caucasian_female/CF736.jpg,14
465290,images/caucasian_female/CF491.jpg,14
465290,images/caucasian_female/CF633.jpg,14
465290,images/caucasian_female/CF328.jpg,14
465290,images/caucasian_female/CF391.jpg,14
465290,images/caucasian_female/CF718.jpg,14
465290,images/caucasian_female/CF442.jpg,14
465290,images/caucasian_female/CF582.jpg,14
465290,images/caucasian_female/CF461.jpg,14
465290,images/caucasian_female/CF330.jpg,14
465290,images/caucasian_female/CF439.jpg,14
465290,images/caucasian_female/CF495.jpg,14
465290,images/caucasian_female/CF499.jpg,14
465290,images/caucasian_female/CF422.jpg,14
465290,images/caucasian_female/CF715.jpg,14
465290,images/caucasian_female/CF676.jpg,14
465290,images/caucasian_female/CF589.jpg,14
465290,images/caucasian_female/CF670.jpg,14
465290,images/caucasian_female/CF501.jpg,14
465290,images/caucasian_female/CF723.jpg,14
465290,images/caucasian_female/CF729.jpg,14
465290,images/caucasian_female/CF673.jpg,14
465290,images/caucasian_female/CF353.jpg,14
465290,images/caucasian_female/CF725.jpg,14
465290,images/caucasian_female/CF266.jpg,14
465290,images/caucasian_female/CF536.jpg,14
465290,images/caucasian_female/CF269.jpg,14
465290,images/caucasian_female/CF605.jpg,14
465290,images/caucasian_female/CF322.jpg,14
465290,images/caucasian_female/CF638.jpg,14
465290,images/caucasian_female/CF692.jpg,14
465290,images/caucasian_female/CF672.jpg,14
465290,images/caucasian_female/CF741.jpg,14
465290,images/caucasian_female/CF690.jpg,14
465290,images/caucasian_female/CF559.jpg,14
465290,images/caucasian_female/CF655.jpg,14
465290,images/caucasian_female/CF245.jpg,14
465290,images/caucasian_female/CF292.jpg,14
465290,images/caucasian_female/CF732.jpg,14
465290,images/caucasian_female/CF587.jpg,14
465290,images/caucasian_female/CF717.jpg,14
465290,images/caucasian_female/CF719.jpg,14
465290,images/caucasian_female/CF629.jpg,14
465290,images/caucasian_female/CF660.jpg,14
465290,images/caucasian_female/CF733.jpg,14
465290,images/caucasian_female/CF299.jpg,14
465290,images/caucasian_female/CF471.jpg,14
465290,images/caucasian_female/CF669.jpg,14
465290,images/caucasian_female/CF433.jpg,14
465290,images/caucasian_female/CF527.jpg,13
465290,images/caucasian_female/CF326.jpg,13
465290,images/caucasian_female/CF251.jpg,13
465290,images/caucasian_female/CF288.jpg,13
465290,images/caucasian_female/CF551.jpg,13
465290,images/caucasian_female/CF600.jpg,13
465290,images/caucasian_female/CF530.jpg,13
465290,images/caucasian_female/CF560.jpg,13
465290,images/caucasian_female/CF341.jpg,13
465290,images/caucasian_female/CF567.jpg,13
465290,images/caucasian_female/CF493.jpg,13
465290,images/caucasian_female/CF626.jpg,13
465290,images/caucasian_female/CF303.jpg,13
465290,images/caucasian_female/CF236.jpg,13
465290,images/caucasian_female/CF415.jpg,13
465290,images/caucasian_female/CF436.jpg,13
465290,images/caucasian_female/CF357.jpg,13
465290,images/caucasian_female/CF572.jpg,13
465290,images/caucasian_female/CF683.jpg,13
465290,images/caucasian_female/CF417.jpg,13
465290,images/caucasian_female/CF681.jpg,13
465290,images/caucasian_female/CF525.jpg,13
465290,images/caucasian_female/CF390.jpg,13
465290,images/caucasian_female/CF643.jpg,13
465290,images/caucasian_female/CF702.jpg,13
465290,images/caucasian_female/CF585.jpg,13
465290,images/caucasian_female/CF256.jpg,13
465290,images/caucasian_female/CF494.jpg,13
465290,images/caucasian_female/CF421.jpg,13
465290,images/caucasian_female/CF294.jpg,13
465290,images/caucasian_female/CF393.jpg,13
465290,images/caucasian_female/CF475.jpg,13
465290,images/caucasian_female/CF247.jpg,13
465290,images/caucasian_female/CF595.jpg,13
465290,images/caucasian_female/CF511.jpg,13
465290,images/caucasian_female/CF472.jpg,13
465290,images/caucasian_female/CF492.jpg,13
465290,images/caucasian_female/CF476.jpg,13
465290,images/caucasian_female/CF319.jpg,13
465290,images/caucasian_female/CF425.jpg,13
465290,images/caucasian_female/CF721.jpg,13
465290,images/caucasian_female/CF529.jpg,13
465290,images/caucasian_female/CF323.jpg,13
465290,images/caucasian_female/CF325.jpg,13
465290,images/caucasian_female/CF305.jpg,13
465290,images/caucasian_female/CF287.jpg,13
465290,images/caucasian_female/CF649.jpg,13
465290,images/caucasian_female/CF356.jpg,13
465290,images/caucasian_female/CF235.jpg,13
465290,images/caucasian_female/CF564.jpg,13
465290,images/caucasian_female/CF698.jpg,13
465290,images/caucasian_female/CF361.jpg,12
465290,images/caucasian_female/CF538.jpg,12
465290,images/caucasian_female/CF631.jpg,12
465290,images/caucasian_female/CF708.jpg,12
465290,images/caucasian_female/CF253.jpg,12
465290,images/caucasian_female/CF376.jpg,12
465290,images/caucasian_female/CF261.jpg,12
465290,images/caucasian_female/CF630.jpg,12
465290,images/caucasian_female/CF290.jpg,12
465290,images/caucasian_female/CF371.jpg,12
465290,images/caucasian_female/CF250.jpg,12
465290,images/caucasian_female/CF594.jpg,12
465290,images/caucasian_female/CF547.jpg,12
465290,images/caucasian_female/CF734.jpg,12
465290,images/caucasian_female/CF583.jpg,12
465290,images/caucasian_female/CF509.jpg,12
465290,images/caucasian_female/CF613.jpg,12
465290,images/caucasian_female/CF521.jpg,12
465290,images/caucasian_female/CF260.jpg,12
465290,images/caucasian_female/CF274.jpg,12
465290,images/caucasian_female/CF656.jpg,12
465290,images/caucasian_female/CF313.jpg,12
465290,images/caucasian_female/CF701.jpg,12
465290,images/caucasian_female/CF694.jpg,12
465290,images/caucasian_female/CF359.jpg,12
465290,images/caucasian_female/CF647.jpg,12
465290,images/caucasian_female/CF296.jpg,12
465290,images/caucasian_female/CF653.jpg,12
465290,images/caucasian_female/CF569.jpg,12
465290,images/caucasian_female/CF456.jpg,12
465290,images/caucasian_female/CF555.jpg,12
465290,images/caucasian_female/CF505.jpg,12
465290,images/caucasian_female/CF574.jpg,12
465290,images/caucasian_female/CF662.jpg,12
465290,images/caucasian_female/CF249.jpg,12
465290,images/caucasian_female/CF506.jpg,12
465290,images/caucasian_female/CF614.jpg,12
465290,images/caucasian_female/CF697.jpg,12
465290,images/caucasian_female/CF658.jpg,12
465290,images/caucasian_female/CF464.jpg,12
465290,images/caucasian_female/CF397.jpg,12
465290,images/caucasian_female/CF603.jpg,12
465290,images/caucasian_female/CF710.jpg,12
465290,images/caucasian_female/CF666.jpg,12
465290,images/caucasian_female/CF685.jpg,12
465290,images/caucasian_female/CF435.jpg,12
465290,images/caucasian_female/CF405.jpg,12
465290,images/caucasian_female/CF394.jpg,12
465290,images/caucasian_female/CF728.jpg,12
465290,images/caucasian_female/CF252.jpg,12
465290,images/caucasian_female/CF689.jpg,12
465290,images/caucasian_female/CF607.jpg,12
465290,images/caucasian_female/CF563.jpg,12
465290,images/caucasian_female/CF610.jpg,12
465290,images/caucasian_female/CF486.jpg,12
465290,images/caucasian_female/CF712.jpg,12
465290,images/caucasian_female/CF304.jpg,12
465290,images/caucasian_female/CF584.jpg,12
465290,images/caucasian_female/CF320.jpg,12
465290,images/caucasian_female/CF737.jpg,11
465290,images/caucasian_female/CF645.jpg,11
465290,images/caucasian_female/CF271.jpg,11
465290,images/caucasian_female/CF678.jpg,11
465290,images/caucasian_female/CF321.jpg,11
465290,images/caucasian_female/CF553.jpg,11
465290,images/caucasian_female/CF381.jpg,11
465290,images/caucasian_female/CF463.jpg,11
465290,images/caucasian_female/CF317.jpg,11
465290,images/caucasian_female/CF327.jpg,11
465290,images/caucasian_female/CF580.jpg,11
465290,images/caucasian_female/CF573.jpg,11
465290,images/caucasian_female/CF309.jpg,11
465290,images/caucasian_female/CF739.jpg,11
465290,images/caucasian_female/CF264.jpg,11
465290,images/caucasian_female/CF291.jpg,11
465290,images/caucasian_female/CF703.jpg,11
465290,images/caucasian_female/CF469.jpg,11
465290,images/caucasian_female/CF404.jpg,11
465290,images/caucasian_female/CF485.jpg,11
465290,images/caucasian_female/CF663.jpg,11
465290,images/caucasian_female/CF345.jpg,11
465290,images/caucasian_female/CF387.jpg,11
465290,images/caucasian_female/CF700.jpg,11
465290,images/caucasian_female/CF644.jpg,11
465290,images/caucasian_female/CF535.jpg,11
465290,images/caucasian_female/CF373.jpg,11
465290,images/caucasian_female/CF523.jpg,11
465290,images/caucasian_female/CF668.jpg,11
465290,images/caucasian_female/CF441.jpg,11
465290,images/caucasian_female/CF713.jpg,11
465290,images/caucasian_female/CF432.jpg,11
465290,images/caucasian_female/CF272.jpg,11
465290,images/caucasian_female/CF324.jpg,11
465290,images/caucasian_female/CF277.jpg,11
465290,images/caucasian_female/CF416.jpg,10
465290,images/caucasian_female/CF597.jpg,10
465290,images/caucasian_female/CF636.jpg,10
465290,images/caucasian_female/CF498.jpg,10
465290,images/caucasian_female/CF239.jpg,10
465290,images/caucasian_female/CF380.jpg,10
465290,images/caucasian_female/CF579.jpg,10
465290,images/caucasian_female/CF674.jpg,10
465290,images/caucasian_female/CF420.jpg,10
465290,images/caucasian_female/CF554.jpg,10
465290,images/caucasian_female/CF339.jpg,10
465290,images/caucasian_female/CF478.jpg,10
465290,images/caucasian_female/CF604.jpg,10
465290,images/caucasian_female/CF351.jpg,10
465290,images/caucasian_female/CF368.jpg,10
465290,images/caucasian_female/CF407.jpg,10
465290,images/caucasian_female/CF679.jpg,10
465290,images/caucasian_female/CF238.jpg,10
465290,images/caucasian_female/CF306.jpg,10
465290,images/caucasian_female/CF462.jpg,10
465290,images/caucasian_female/CF300.jpg,10
465290,images/caucasian_female/CF293.jpg,10
465290,images/caucasian_female/CF599.jpg,10
465290,images/caucasian_female/CF544.jpg,10
465290,images/caucasian_female/CF528.jpg,10
465290,images/caucasian_female/CF575.jpg,10
465290,images/caucasian_female/CF460.jpg,10
465290,images/caucasian_female/CF546.jpg,10
465290,images/caucasian_female/CF520.jpg,10
465290,images/caucasian_female/CF270.jpg,10
465290,images/caucasian_female/CF711.jpg,10
465290,images/caucasian_female/CF378.jpg,10
465290,images/caucasian_female/CF531.jpg,10
465290,images/caucasian_female/CF465.jpg,10
465290,images/caucasian_female/CF542.jpg,10
465290,images/caucasian_female/CF696.jpg,9
465290,images/caucasian_female/CF576.jpg,9
465290,images/caucasian_female/CF591.jpg,9
465290,images/caucasian_female/CF691.jpg,9
465290,images/caucasian_female/CF449.jpg,9
465290,images/caucasian_female/CF434.jpg,9
465290,images/caucasian_female/CF568.jpg,9
465290,images/caucasian_female/CF410.jpg,9
465290,images/caucasian_female/CF241.jpg,9
465290,images/caucasian_female/CF512.jpg,9
465290,images/caucasian_female/CF686.jpg,9
465290,images/caucasian_female/CF720.jpg,9
465290,images/caucasian_female/CF705.jpg,9
465290,images/caucasian_female/CF374.jpg,9
465290,images/caucasian_female/CF445.jpg,9
465290,images/caucasian_female/CF409.jpg,9
465290,images/caucasian_female/CF283.jpg,9
465290,images/caucasian_female/CF331.jpg,9
465290,images/caucasian_female/CF519.jpg,9
465290,images/caucasian_female/CF375.jpg,9
465290,images/caucasian_female/CF675.jpg,9
465290,images/caucasian_female/CF684.jpg,9
465290,images/caucasian_female/CF724.jpg,9
465290,images/caucasian_female/CF418.jpg,9
465290,images/caucasian_female/CF510.jpg,9
465290,images/caucasian_female/CF337.jpg,9
465290,images/caucasian_female/CF333.jpg,9
465290,images/caucasian_female/CF413.jpg,9
465290,images/caucasian_female/CF263.jpg,9
465290,images/caucasian_female/CF481.jpg,8
465290,images/caucasian_female/CF611.jpg,8
465290,images/caucasian_female/CF382.jpg,8
465290,images/caucasian_female/CF566.jpg,8
465290,images/caucasian_female/CF411.jpg,8
465290,images/caucasian_female/CF450.jpg,8
465290,images/caucasian_female/CF608.jpg,8
465290,images/caucasian_female/CF396.jpg,8
465290,images/caucasian_female/CF581.jpg,8
465290,images/caucasian_female/CF695.jpg,8
465290,images/caucasian_female/CF716.jpg,8
465290,images/caucasian_female/CF379.jpg,8
465290,images/caucasian_female/CF302.jpg,8
465290,images/caucasian_female/CF515.jpg,8
465290,images/caucasian_female/CF473.jpg,8
465290,images/caucasian_female/CF514.jpg,8
465290,images/caucasian_female/CF401.jpg,8
465290,images/caucasian_female/CF284.jpg,8
465290,images/caucasian_female/CF541.jpg,8
465290,images/caucasian_female/CF363.jpg,8
465290,images/caucasian_female/CF632.jpg,8
465290,images/caucasian_female/CF386.jpg,8
465290,images/caucasian_female/CF315.jpg,8
465290,images/caucasian_female/CF550.jpg,7
465290,images/caucasian_female/CF726.jpg,7
465290,images/caucasian_female/CF488.jpg,7
465290,images/caucasian_female/CF243.jpg,7
465290,images/caucasian_female/CF504.jpg,7
465290,images/caucasian_female/CF336.jpg,7
465290,images/caucasian_female/CF246.jpg,7
465290,images/caucasian_female/CF654.jpg,7
465290,images/caucasian_female/CF234.jpg,7
465290,images/caucasian_female/CF612.jpg,7
465290,images/caucasian_female/CF388.jpg,7
465290,images/caucasian_female/CF444.jpg,7
465290,images/caucasian_female/CF279.jpg,7
465290,images/caucasian_female/CF577.jpg,6
465290,images/caucasian_female/CF470.jpg,6
465290,images/caucasian_female/CF709.jpg,6
465290,images/caucasian_female/CF598.jpg,6
465290,images/caucasian_female/CF262.jpg,6
465290,images/caucasian_female/CF358.jpg,5
465290,images/caucasian_female/CF301.jpg,5
465290,images/caucasian_female/CF680.jpg,4
465290,images/caucasian_female/CF621.jpg,4
