465290,images/caucasian_male/CM415.jpg,28
465290,images/caucasian_male/CM591.jpg,27
465290,images/caucasian_male/CM726.jpg,25
465290,images/caucasian_male/CM667.jpg,24
465290,images/caucasian_male/CM645.jpg,23
465290,images/caucasian_male/CM455.jpg,23
465290,images/caucasian_male/CM472.jpg,23
465290,images/caucasian_male/CM677.jpg,23
465290,images/caucasian_male/CM357.jpg,23
465290,images/caucasian_male/CM463.jpg,22
465290,images/caucasian_male/CM631.jpg,22
465290,images/caucasian_male/CM616.jpg,22
465290,images/caucasian_male/CM737.jpg,22
465290,images/caucasian_male/CM542.jpg,22
465290,images/caucasian_male/CM531.jpg,22
465290,images/caucasian_male/CM375.jpg,22
465290,images/caucasian_male/CM319.jpg,21
465290,images/caucasian_male/CM676.jpg,21
465290,images/caucasian_male/CM418.jpg,21
465290,images/caucasian_male/CM709.jpg,21
465290,images/caucasian_male/CM651.jpg,21
465290,images/caucasian_male/CM445.jpg,21
465290,images/caucasian_male/CM607.jpg,21
465290,images/caucasian_male/CM326.jpg,20
465290,images/caucasian_male/CM660.jpg,20
465290,images/caucasian_male/CM311.jpg,20
465290,images/caucasian_male/CM468.jpg,20
465290,images/caucasian_male/CM515.jpg,20
465290,images/caucasian_male/CM519.jpg,20
465290,images/caucasian_male/CM298.jpg,20
465290,images/caucasian_male/CM567.jpg,20
465290,images/caucasian_male/CM323.jpg,20
465290,images/caucasian_male/CM578.jpg,20
465290,images/caucasian_male/CM625.jpg,19
465290,images/caucasian_male/CM529.jpg,19
465290,images/caucasian_male/CM706.jpg,19
465290,images/caucasian_male/CM663.jpg,19
465290,images/caucasian_male/CM447.jpg,19
465290,images/caucasian_male/CM465.jpg,19
465290,images/caucasian_male/CM377.jpg,19
465290,images/caucasian_male/CM500.jpg,19
465290,images/caucasian_male/CM309.jpg,19
465290,images/caucasian_male/CM514.jpg,19
465290,images/caucasian_male/CM385.jpg,19
465290,images/caucasian_male/CM605.jpg,19
465290,images/caucasian_male/CM598.jpg,19
465290,images/caucasian_male/CM487.jpg,19
465290,images/caucasian_male/CM510.jpg,19
465290,images/caucasian_male/CM539.jpg,18
465290,images/caucasian_male/CM460.jpg,18
465290,images/caucasian_male/CM296.jpg,18
465290,images/caucasian_male/CM708.jpg,18
465290,images/caucasian_male/CM557.jpg,18
465290,images/caucasian_male/CM748.jpg,18
465290,images/caucasian_male/CM328.jpg,18
465290,images/caucasian_male/CM597.jpg,18
465290,images/caucasian_male/CM695.jpg,18
465290,images/caucasian_male/CM573.jpg,18
465290,images/caucasian_male/CM725.jpg,18
465290,images/caucasian_male/CM259.jpg,18
465290,images/caucasian_male/CM729.jpg,18
465290,images/caucasian_male/CM602.jpg,18
465290,images/caucasian_male/CM392.jpg,18
465290,images/caucasian_male/CM587.jpg,18
465290,images/caucasian_male/CM448.jpg,18
465290,images/caucasian_male/CM675.jpg,18
465290,images/caucasian_male/CM490.jpg,18
465290,images/caucasian_male/CM279.jpg,18
465290,images/caucasian_male/CM689.jpg,18
465290,images/caucasian_male/CM620.jpg,18
465290,images/caucasian_male/CM284.jpg,18
465290,images/caucasian_male/CM534.jpg,18
465290,images/caucasian_male/CM705.jpg,18
465290,images/caucasian_male/CM742.jpg,18
465290,images/caucasian_male/CM532.jpg,18
465290,images/caucasian_male/CM305.jpg,18
465290,images/caucasian_male/CM411.jpg,18
465290,images/caucasian_male/CM256.jpg,18
465290,images/caucasian_male/CM512.jpg,18
465290,images/caucasian_male/CM358.jpg,17
465290,images/caucasian_male/CM744.jpg,17
465290,images/caucasian_male/CM733.jpg,17
465290,images/caucasian_male/CM585.jpg,17
465290,images/caucasian_male/CM719.jpg,17
465290,images/caucasian_male/CM555.jpg,17
465290,images/caucasian_male/CM619.jpg,17
465290,images/caucasian_male/CM235.jpg,17
465290,images/caucasian_male/CM355.jpg,17
465290,images/caucasian_male/CM398.jpg,17
465290,images/caucasian_male/CM544.jpg,17
465290,images/caucasian_male/CM336.jpg,17
465290,images/caucasian_male/CM650.jpg,17
465290,images/caucasian_male/CM548.jpg,17
465290,images/caucasian_male/CM304.jpg,17
465290,images/caucasian_male/CM600.jpg,17
465290,images/caucasian_male/CM553.jpg,17
465290,images/caucasian_male/CM281.jpg,17
465290,images/caucasian_male/CM356.jpg,17
465290,images/caucasian_male/CM501.jpg,17
465290,images/caucasian_male/CM624.jpg,17
465290,images/caucasian_male/CM732.jpg,17
465290,images/caucasian_male/CM648.jpg,17
465290,images/caucasian_male/CM654.jpg,17
465290,images/caucasian_male/CM527.jpg,17
465290,images/caucasian_male/CM366.jpg,17
465290,images/caucasian_male/CM639.jpg,17
465290,images/caucasian_male/CM313.jpg,17
465290,images/caucasian_male/CM712.jpg,17
465290,images/caucasian_male/CM659.jpg,17
465290,images/caucasian_male/CM409.jpg,17
465290,images/caucasian_male/CM696.jpg,17
465290,images/caucasian_male/CM741.jpg,16
465290,images/caucasian_male/CM339.jpg,16
465290,images/caucasian_male/CM399.jpg,16
465290,images/caucasian_male/CM327.jpg,16
465290,images/caucasian_male/CM278.jpg,16
465290,images/caucasian_male/CM517.jpg,16
465290,images/caucasian_male/CM623.jpg,16
465290,images/caucasian_male/CM345.jpg,16
465290,images/caucasian_male/CM525.jpg,16
465290,images/caucasian_male/CM558.jpg,16
465290,images/caucasian_male/CM570.jpg,16
465290,images/caucasian_male/CM506.jpg,16
465290,images/caucasian_male/CM560.jpg,16
465290,images/caucasian_male/CM391.jpg,16
465290,images/caucasian_male/CM495.jpg,16
465290,images/caucasian_male/CM546.jpg,16
465290,images/caucasian_male/CM691.jpg,16
465290,images/caucasian_male/CM346.jpg,16
465290,images/caucasian_male/CM384.jpg,16
465290,images/caucasian_male/CM652.jpg,16
465290,images/caucasian_male/CM536.jpg,16
465290,images/caucasian_male/CM672.jpg,16
465290,images/caucasian_male/CM480.jpg,16
465290,images/caucasian_male/CM273.jpg,16
465290,images/caucasian_male/CM361.jpg,16
465290,images/caucasian_male/CM586.jpg,16
465290,images/caucasian_male/CM276.jpg,16
465290,images/caucasian_male/CM576.jpg,16
465290,images/caucasian_male/CM658.jpg,16
465290,images/caucasian_male/CM240.jpg,16
465290,images/caucasian_male/CM342.jpg,16
465290,images/caucasian_male/CM376.jpg,16
465290,images/caucasian_male/CM730.jpg,15
465290,images/caucasian_male/CM403.jpg,15
465290,images/caucasian_male/CM380.jpg,15
465290,images/caucasian_male/CM426.jpg,15
465290,images/caucasian_male/CM580.jpg,15
465290,images/caucasian_male/CM489.jpg,15
465290,images/caucasian_male/CM271.jpg,15
465290,images/caucasian_male/CM611.jpg,15
465290,images/caucasian_male/CM467.jpg,15
465290,images/caucasian_male/CM647.jpg,15
465290,images/caucasian_male/CM322.jpg,15
465290,images/caucasian_male/CM244.jpg,15
465290,images/caucasian_male/CM378.jpg,15
465290,images/caucasian_male/CM245.jpg,15
465290,images/caucasian_male/CM596.jpg,15
465290,images/caucasian_male/CM494.jpg,15
465290,images/caucasian_male/CM301.jpg,15
465290,images/caucasian_male/CM673.jpg,15
465290,images/caucasian_male/CM714.jpg,15
465290,images/caucasian_male/CM254.jpg,15
465290,images/caucasian_male/CM734.jpg,15
465290,images/caucasian_male/CM433.jpg,15
465290,images/caucasian_male/CM635.jpg,15
465290,images/caucasian_male/CM315.jpg,15
465290,images/caucasian_male/CM470.jpg,15
465290,images/caucasian_male/CM360.jpg,15
465290,images/caucasian_male/CM294.jpg,15
465290,images/caucasian_male/CM739.jpg,15
465290,images/caucasian_male/CM683.jpg,15
465290,images/caucasian_male/CM671.jpg,15
465290,images/caucasian_male/CM715.jpg,15
465290,images/caucasian_male/CM750.jpg,15
465290,images/caucasian_male/CM404.jpg,15
465290,images/caucasian_male/CM552.jpg,15
465290,images/caucasian_male/CM241.jpg,15
465290,images/caucasian_male/CM394.jpg,15
465290,images/caucasian_male/CM581.jpg,15
465290,images/caucasian_male/CM325.jpg,15
465290,images/caucasian_male/CM449.jpg,15
465290,images/caucasian_male/CM499.jpg,15
465290,images/caucasian_male/CM565.jpg,15
465290,images/caucasian_male/CM521.jpg,15
465290,images/caucasian_male/CM643.jpg,15
465290,images/caucasian_male/CM710.jpg,15
465290,images/caucasian_male/CM530.jpg,15
465290,images/caucasian_male/CM707.jpg,15
465290,images/caucasian_male/CM303.jpg,15
465290,images/caucasian_male/CM249.jpg,14
465290,images/caucasian_male/CM329.jpg,14
465290,images/caucasian_male/CM456.jpg,14
465290,images/caucasian_male/CM277.jpg,14
465290,images/caucasian_male/CM367.jpg,14
465290,images/caucasian_male/CM453.jpg,14
465290,images/caucasian_male/CM496.jpg,14
465290,images/caucasian_male/CM478.jpg,14
465290,images/caucasian_male/CM442.jpg,14
465290,images/caucasian_male/CM716.jpg,14
465290,images/caucasian_male/CM435.jpg,14
465290,images/caucasian_male/CM493.jpg,14
465290,images/caucasian_male/CM349.jpg,14
465290,images/caucasian_male/CM340.jpg,14
465290,images/caucasian_male/CM590.jpg,14
465290,images/caucasian_male/CM656.jpg,14
465290,images/caucasian_male/CM372.jpg,14
465290,images/caucasian_male/CM383.jpg,14
465290,images/caucasian_male/CM728.jpg,14
465290,images/caucasian_male/CM289.jpg,14
465290,images/caucasian_male/CM745.jpg,14
465290,images/caucasian_male/CM333.jpg,14
465290,images/caucasian_male/CM238.jpg,14
465290,images/caucasian_male/CM266.jpg,14
465290,images/caucasian_male/CM307.jpg,14
465290,images/caucasian_male/CM632.jpg,14
465290,images/caucasian_male/CM550.jpg,14
465290,images/caucasian_male/CM408.jpg,14
465290,images/caucasian_male/CM540.jpg,14
465290,images/caucasian_male/CM285.jpg,14
465290,images/caucasian_male/CM551.jpg,14
465290,images/caucasian_male/CM302.jpg,14
465290,images/caucasian_male/CM321.jpg,14
465290,images/caucasian_male/CM347.jpg,14
465290,images/caucasian_male/CM537.jpg,14
465290,images/caucasian_male/CM589.jpg,14
465290,images/caucasian_male/CM371.jpg,14
465290,images/caucasian_male/CM579.jpg,14
465290,images/caucasian_male/CM559.jpg,14
465290,images/caucasian_male/CM538.jpg,14
465290,images/caucasian_male/CM687.jpg,14
465290,images/caucasian_male/CM288.jpg,14
465290,images/caucasian_male/CM270.jpg,14
465290,images/caucasian_male/CM692.jpg,14
465290,images/caucasian_male/CM275.jpg,14
465290,images/caucasian_male/CM440.jpg,14
465290,images/caucasian_male/CM481.jpg,14
465290,images/caucasian_male/CM584.jpg,14
465290,images/caucasian_male/CM682.jpg,14
465290,images/caucasian_male/CM697.jpg,14
465290,images/caucasian_male/CM646.jpg,14
465290,images/caucasian_male/CM633.jpg,14
465290,images/caucasian_male/CM265.jpg,14
465290,images/caucasian_male/CM427.jpg,14
465290,images/caucasian_male/CM414.jpg,14
465290,images/caucasian_male/CM638.jpg,13
465290,images/caucasian_male/CM306.jpg,13
465290,images/caucasian_male/CM746.jpg,13
465290,images/caucasian_male/CM507.jpg,13
465290,images/caucasian_male/CM283.jpg,13
465290,images/caucasian_male/CM608.jpg,13
465290,images/caucasian_male/CM332.jpg,13
465290,images/caucasian_male/CM429.jpg,13
465290,images/caucasian_male/CM595.jpg,13
465290,images/caucasian_male/CM410.jpg,13
465290,images/caucasian_male/CM466.jpg,13
465290,images/caucasian_male/CM572.jpg,13
465290,images/caucasian_male/CM264.jpg,13
465290,images/caucasian_male/CM459.jpg,13
465290,images/caucasian_male/CM684.jpg,13
465290,images/caucasian_male/CM451.jpg,13
465290,images/caucasian_male/CM261.jpg,13
465290,images/caucasian_male/CM485.jpg,13
465290,images/caucasian_male/CM425.jpg,13
465290,images/caucasian_male/CM359.jpg,13
465290,images/caucasian_male/CM476.jpg,13
465290,images/caucasian_male/CM316.jpg,13
465290,images/caucasian_male/CM441.jpg,13
465290,images/caucasian_male/CM678.jpg,13
465290,images/caucasian_male/CM694.jpg,13
465290,images/caucasian_male/CM432.jpg,13
465290,images/caucasian_male/CM662.jpg,13
465290,images/caucasian_male/CM492.jpg,13
465290,images/caucasian_male/CM431.jpg,13
465290,images/caucasian_male/CM252.jpg,13
465290,images/caucasian_male/CM699.jpg,13
465290,images/caucasian_male/CM685.jpg,13
465290,images/caucasian_male/CM397.jpg,13
465290,images/caucasian_male/CM330.jpg,13
465290,images/caucasian_male/CM543.jpg,13
465290,images/caucasian_male/CM644.jpg,13
465290,images/caucasian_male/CM669.jpg,13
465290,images/caucasian_male/CM563.jpg,13
465290,images/caucasian_male/CM747.jpg,13
465290,images/caucasian_male/CM314.jpg,13
465290,images/caucasian_male/CM593.jpg,13
465290,images/caucasian_male/CM354.jpg,13
465290,images/caucasian_male/CM437.jpg,13
465290,images/caucasian_male/CM588.jpg,13
465290,images/caucasian_male/CM243.jpg,13
465290,images/caucasian_male/CM509.jpg,13
465290,images/caucasian_male/CM513.jpg,13
465290,images/caucasian_male/CM461.jpg,13
465290,images/caucasian_male/CM402.jpg,13
465290,images/caucasian_male/CM518.jpg,13
465290,images/caucasian_male/CM523.jpg,13
465290,images/caucasian_male/CM454.jpg,13
465290,images/caucasian_male/CM331.jpg,12
465290,images/caucasian_male/CM348.jpg,12
465290,images/caucasian_male/CM505.jpg,12
465290,images/caucasian_male/CM255.jpg,12
465290,images/caucasian_male/CM417.jpg,12
465290,images/caucasian_male/CM452.jpg,12
465290,images/caucasian_male/CM343.jpg,12
465290,images/caucasian_male/CM444.jpg,12
465290,images/caucasian_male/CM561.jpg,12
465290,images/caucasian_male/CM334.jpg,12
465290,images/caucasian_male/CM674.jpg,12
465290,images/caucasian_male/CM601.jpg,12
465290,images/caucasian_male/CM680.jpg,12
465290,images/caucasian_male/CM434.jpg,12
465290,images/caucasian_male/CM300.jpg,12
465290,images/caucasian_male/CM373.jpg,12
465290,images/caucasian_male/CM617.jpg,12
465290,images/caucasian_male/CM569.jpg,12
465290,images/caucasian_male/CM253.jpg,12
465290,images/caucasian_male/CM720.jpg,12
465290,images/caucasian_male/CM250.jpg,12
465290,images/caucasian_male/CM423.jpg,12
465290,images/caucasian_male/CM428.jpg,12
465290,images/caucasian_male/CM257.jpg,12
465290,images/caucasian_male/CM693.jpg,12
465290,images/caucasian_male/CM731.jpg,12
465290,images/caucasian_male/CM341.jpg,12
465290,images/caucasian_male/CM491.jpg,12
465290,images/caucasian_male/CM430.jpg,12
465290,images/caucasian_male/CM242.jpg,12
465290,images/caucasian_male/CM666.jpg,12
465290,images/caucasian_male/CM268.jpg,12
465290,images/caucasian_male/CM735.jpg,12
465290,images/caucasian_male/CM681.jpg,12
465290,images/caucasian_male/CM443.jpg,12
465290,images/caucasian_male/CM405.jpg,12
465290,images/caucasian_male/CM291.jpg,12
465290,images/caucasian_male/CM533.jpg,12
465290,images/caucasian_male/CM422.jpg,12
465290,images/caucasian_male/CM612.jpg,12
465290,images/caucasian_male/CM717.jpg,12
465290,images/caucasian_male/CM545.jpg,12
465290,images/caucasian_male/CM566.jpg,12
465290,images/caucasian_male/CM286.jpg,12
465290,images/caucasian_male/CM679.jpg,12
465290,images/caucasian_male/CM736.jpg,12
465290,images/caucasian_male/CM688.jpg,12
465290,images/caucasian_male/CM690.jpg,12
465290,images/caucasian_male/CM462.jpg,12
465290,images/caucasian_male/CM310.jpg,12
465290,images/caucasian_male/CM260.jpg,12
465290,images/caucasian_male/CM436.jpg,12
465290,images/caucasian_male/CM262.jpg,12
465290,images/caucasian_male/CM248.jpg,12
465290,images/caucasian_male/CM749.jpg,12
465290,images/caucasian_male/CM547.jpg,11
465290,images/caucasian_male/CM564.jpg,11
465290,images/caucasian_male/CM718.jpg,11
465290,images/caucasian_male/CM320.jpg,11
465290,images/caucasian_male/CM477.jpg,11
465290,images/caucasian_male/CM664.jpg,11
465290,images/caucasian_male/CM368.jpg,11
465290,images/caucasian_male/CM661.jpg,11
465290,images/caucasian_male/CM475.jpg,11
465290,images/caucasian_male/CM520.jpg,11
465290,images/caucasian_male/CM438.jpg,11
465290,images/caucasian_male/CM528.jpg,11
465290,images/caucasian_male/CM621.jpg,11
465290,images/caucasian_male/CM670.jpg,11
465290,images/caucasian_male/CM234.jpg,11
465290,images/caucasian_male/CM337.jpg,11
465290,images/caucasian_male/CM637.jpg,11
465290,images/caucasian_male/CM603.jpg,11
465290,images/caucasian_male/CM232.jpg,11
465290,images/caucasian_male/CM649.jpg,11
465290,images/caucasian_male/CM407.jpg,11
465290,images/caucasian_male/CM592.jpg,11
465290,images/caucasian_male/CM722.jpg,11
465290,images/caucasian_male/CM665.jpg,11
465290,images/caucasian_male/CM655.jpg,11
465290,images/caucasian_male/CM562.jpg,11
465290,images/caucasian_male/CM613.jpg,11
465290,images/caucasian_male/CM502.jpg,11
465290,images/caucasian_male/CM353.jpg,11
465290,images/caucasian_male/CM381.jpg,11
465290,images/caucasian_male/CM503.jpg,11
465290,images/caucasian_male/CM258.jpg,11
465290,images/caucasian_male/CM583.jpg,11
465290,images/caucasian_male/CM420.jpg,11
465290,images/caucasian_male/CM610.jpg,11
465290,images/caucasian_male/CM743.jpg,11
465290,images/caucasian_male/CM393.jpg,11
465290,images/caucasian_male/CM458.jpg,11
465290,images/caucasian_male/CM239.jpg,11
465290,images/caucasian_male/CM450.jpg,11
465290,images/caucasian_male/CM297.jpg,11
465290,images/caucasian_male/CM274.jpg,10
465290,images/caucasian_male/CM642.jpg,10
465290,images/caucasian_male/CM634.jpg,10
465290,images/caucasian_male/CM740.jpg,10
465290,images/caucasian_male/CM606.jpg,10
465290,images/caucasian_male/CM471.jpg,10
465290,images/caucasian_male/CM577.jpg,10
465290,images/caucasian_male/CM609.jpg,10
465290,images/caucasian_male/CM700.jpg,10
465290,images/caucasian_male/CM738.jpg,10
465290,images/caucasian_male/CM382.jpg,10
465290,images/caucasian_male/CM630.jpg,10
465290,images/caucasian_male/CM473.jpg,10
465290,images/caucasian_male/CM290.jpg,10
465290,images/caucasian_male/CM479.jpg,10
465290,images/caucasian_male/CM369.jpg,10
465290,images/caucasian_male/CM363.jpg,10
465290,images/caucasian_male/CM324.jpg,10
465290,images/caucasian_male/CM389.jpg,10
465290,images/caucasian_male/CM287.jpg,10
465290,images/caucasian_male/CM272.jpg,10
465290,images/caucasian_male/CM713.jpg,10
465290,images/caucasian_male/CM594.jpg,10
465290,images/caucasian_male/CM312.jpg,10
465290,images/caucasian_male/CM365.jpg,10
465290,images/caucasian_male/CM488.jpg,10
465290,images/caucasian_male/CM582.jpg,10
465290,images/caucasian_male/CM299.jpg,10
465290,images/caucasian_male/CM352.jpg,10
465290,images/caucasian_male/CM486.jpg,10
465290,images/caucasian_male/CM374.jpg,10
465290,images/caucasian_male/CM439.jpg,10
465290,images/caucasian_male/CM701.jpg,10
465290,images/caucasian_male/CM292.jpg,10
465290,images/caucasian_male/CM723.jpg,10
465290,images/caucasian_male/CM524.jpg,10
465290,images/caucasian_male/CM727.jpg,10
465290,images/caucasian_male/CM457.jpg,10
465290,images/caucasian_male/CM724.jpg,10
465290,images/caucasian_male/CM511.jpg,10
465290,images/caucasian_male/CM421.jpg,9
465290,images/caucasian_male/CM574.jpg,9
465290,images/caucasian_male/CM406.jpg,9
465290,images/caucasian_male/CM575.jpg,9
465290,images/caucasian_male/CM236.jpg,9
465290,images/caucasian_male/CM424.jpg,9
465290,images/caucasian_male/CM618.jpg,9
465290,images/caucasian_male/CM554.jpg,9
465290,images/caucasian_male/CM614.jpg,9
465290,images/caucasian_male/CM704.jpg,9
465290,images/caucasian_male/CM413.jpg,9
465290,images/caucasian_male/CM246.jpg,9
465290,images/caucasian_male/CM446.jpg,9
465290,images/caucasian_male/CM653.jpg,9
465290,images/caucasian_male/CM626.jpg,9
465290,images/caucasian_male/CM416.jpg,9
465290,images/caucasian_male/CM571.jpg,9
465290,images/caucasian_male/CM636.jpg,9
465290,images/caucasian_male/CM641.jpg,9
465290,images/caucasian_male/CM401.jpg,9
465290,images/caucasian_male/CM390.jpg,9
465290,images/caucasian_male/CM317.jpg,9
465290,images/caucasian_male/CM702.jpg,9
465290,images/caucasian_male/CM464.jpg,9
465290,images/caucasian_male/CM541.jpg,8
465290,images/caucasian_male/CM269.jpg,8
465290,images/caucasian_male/CM263.jpg,8
465290,images/caucasian_male/CM351.jpg,8
465290,images/caucasian_male/CM388.jpg,8
465290,images/caucasian_male/CM508.jpg,8
465290,images/caucasian_male/CM703.jpg,8
465290,images/caucasian_male/CM698.jpg,8
465290,images/caucasian_male/CM556.jpg,8
465290,images/caucasian_male/CM295.jpg,8
465290,images/caucasian_male/CM721.jpg,8
465290,images/caucasian_male/CM237.jpg,8
465290,images/caucasian_male/CM629.jpg,8
465290,images/caucasian_male/CM526.jpg,8
465290,images/caucasian_male/CM628.jpg,8
465290,images/caucasian_male/CM396.jpg,8
465290,images/caucasian_male/CM686.jpg,8
465290,images/caucasian_male/CM640.jpg,8
465290,images/caucasian_male/CM504.jpg,8
465290,images/caucasian_male/CM484.jpg,8
465290,images/caucasian_male/CM282.jpg,8
465290,images/caucasian_male/CM516.jpg,8
465290,images/caucasian_male/CM668.jpg,8
465290,images/caucasian_male/CM568.jpg,7
465290,images/caucasian_male/CM267.jpg,7
465290,images/caucasian_male/CM469.jpg,7
465290,images/caucasian_male/CM657.jpg,7
465290,images/caucasian_male/CM280.jpg,7
465290,images/caucasian_male/CM498.jpg,7
465290,images/caucasian_male/CM615.jpg,7
465290,images/caucasian_male/CM627.jpg,6
465290,images/caucasian_male/CM379.jpg,6
465290,images/caucasian_male/CM419.jpg,6
465290,images/caucasian_male/CM711.jpg,6
465290,images/caucasian_male/CM483.jpg,6
465290,images/caucasian_male/CM308.jpg,6
465290,images/caucasian_male/CM412.jpg,6
465290,images/caucasian_male/CM604.jpg,5
465290,images/caucasian_male/CM395.jpg,5
465290,images/caucasian_male/CM344.jpg,4
465290,images/caucasian_male/CM599.jpg,4
465290,images/caucasian_male/CM251.jpg,3
